{
  "project_info": {
    "project_number": "465783603614",
    "project_id": "foodi-77e0d",
    "storage_bucket": "foodi-77e0d.appspot.com"
  },
  "client": [
    {
      "client_info": {
        "mobilesdk_app_id": "1:465783603614:android:1c07027a7a34fcb59cd68f",
        "android_client_info": {
          "package_name": "com.foodi"
        }
      },
      "oauth_client": [
        {
          "client_id": "465783603614-4g9mb56abthlm8md2vsd36an7iuick5v.apps.googleusercontent.com",
          "client_type": 1,
          "android_info": {
            "package_name": "com.foodi",
            "certificate_hash": "9b207ecee62fdf5f1ae3023527a09b17a4147d66"
          }
        },
        {
          "client_id": "465783603614-veqh2mogtiaig1itgbqq5r5qcu45nmub.apps.googleusercontent.com",
          "client_type": 1,
          "android_info": {
            "package_name": "com.foodi",
            "certificate_hash": "5e8f16062ea3cd2c4a0d547876baa6f38cabf625"
          }
        },
        {
          "client_id": "465783603614-o5nskntdijgkbpcfqrn93lp5og2kj1qd.apps.googleusercontent.com",
          "client_type": 3
        }
      ],
      "api_key": [
        {
          "current_key": "AIzaSyAYrBo70kGp3EHMJRfpFBws5l7yxtqGE2w"
        }
      ],
      "services": {
        "appinvite_service": {
          "other_platform_oauth_client": [
            {
              "client_id": "465783603614-o5nskntdijgkbpcfqrn93lp5og2kj1qd.apps.googleusercontent.com",
              "client_type": 3
            },
            {
              "client_id": "465783603614-4c10j1qp8adqgu78g3e1fiog6dsprm27.apps.googleusercontent.com",
              "client_type": 2,
              "ios_info": {
                "bundle_id": "com.foodibd"
              }
            }
          ]
        }
      }
    }
  ],
  "configuration_version": "1"
}